{"cameraMode":{"drawMode":0,"name":"Shaded","section":"Shading Mode"},"sceneLighting":true,"audioPlay":false,"sceneViewState":{"showFog":true,"showMaterialUpdate":false,"showSkybox":true,"showFlares":true,"showImageEffects":true,"showParticleSystems":true,"showVisualEffectGraphs":true,"m_FxEnabled":true},"in2DMode":false,"pivot":{"x":-0.06809607893228531,"y":1.825559139251709,"z":95.48004913330078},"rotation":{"x":0.13254685699939729,"y":0.6195060014724731,"z":-0.10723381489515305,"w":0.7663968205451965},"size":1.2830572128295899,"orthographic":false}